[
{
 "image": "https://captain.ph/wp-content/uploads/elementor/thumbs/02BW053T1-full-orhl5ufhf1xjxg7jvzfgbp958hpu76oye7paovzb5q.png",
 "tempat": "Dark ocean"
},
{
 "image": "https://i.ibb.co/9vqRLxg/3e12eb3f4b36e34a82d12de594105509.jpg",
 "tempat": "Magic Ruins"
},
{
 "image": "https://i.ibb.co/8PNzkDg/d752ce600f6bbf1766aaad0edd184c95.jpg",
 "tempat": "Desert of alien"
},
{
 "image": "https://i.ibb.co/bsXfR0G/b38c234a1d05b14259fc48434830df72.jpg",
 "tempat": "Sea litch monster lair's"
},
{
 "image": "https://i.ibb.co/qF4KQBP/18f6ec4f59b6bd373a08df977b0001cf.jpg",
 "tempat": "War Axe Monster's lair"
},
{
 "image": "https://i.ibb.co/zSLf7k6/a615370161a49003d96a9501c989f50d.jpg",
 "tempat": "Ocean shark king"
},
{
 "image": "https://i.ibb.co/PwyzGm0/40354fdd2078127a8a070ac53f41b375.jpg",
 "tempat": "Centipede Vampire House"
},
{
 "image": "https://i.ibb.co/M9nmhjd/b2587af0dd56fc4ec4043fe4bd0bb08b.jpg",
 "tempat": "Jurassic Forest"
},
{
 "image": "https://i.ibb.co/12kjHBw/4fb43d5685a55304266ffb380b13511b.jpg",
 "tempat": "Jurassic Desert"
},
{
 "image": "https://i.ibb.co/BnSQCHM/fbad11adbad4b01ce06730c8736bd6cd.jpg",
 "tempat": "Hollow Iceberg"
},
{
 "image": "https://i.ibb.co/0QtYNjL/2fc5a6299b7af23a09aa8e87e878ff2b.jpg",
 "tempat": "griffin iceberg nest"
},
{
 "image": "https://i.ibb.co/BLrgSyz/a25fe0233461b92b7e3be3b801d1963c.jpg",
 "tempat": "God of Goat forest"
},
{
 "image": "https://i.ibb.co/MNt4Twv/54d533aa1d0575ceb06c333dc2f6792c.jpg",
 "tempat": "Waterfall Monster's Lair"
},
{
 "image": "https://i.ibb.co/Scxq9KP/9141293b902071dece21a2fa08c92793.jpg",
 "tempat": "the evil tree"
},
{
 "image": "https://i.ibb.co/MstjyJf/bc4c1b3796c70215b2e4fc498442c878.jpg",
 "tempat": "The devil city"
},
{
 "image": "https://i.ibb.co/bWyQmP9/6a0538e61abc583ebfd77c9f0afcf144.jpg",
 "tempat": "Monster colony area"
},
{
 "image": "https://i.ibb.co/8xMtczB/b0f1219d622546aac56c6c532f117cb5.jpg",
 "tempat": "Litch king army area"
},
{
 "image": "https://i.ibb.co/dWJFDHw/1a5e7e4cb65c318866f83dfa9dc95f94.jpg",
 "tempat": "War ax monster colony"
},
{
 "image": "https://i.ibb.co/mSnKN0t/e325358236b5a117512f639f52ee7cdf.jpg",
 "tempat": "Dragon king lair's"
}
]
